{"cameraMode":{"drawMode":0,"name":"Shaded","section":"Shading Mode"},"sceneLighting":false,"audioPlay":false,"sceneViewState":{"showFog":true,"showMaterialUpdate":false,"showSkybox":false,"showFlares":true,"showImageEffects":true,"showParticleSystems":true},"in2DMode":false,"pivot":{"x":0.0,"y":0.9900000095367432,"z":22.030000686645509},"rotation":{"x":-0.20692561566829682,"y":0.43031224608421328,"z":-0.10203094780445099,"w":-0.8727008700370789},"size":4.813131809234619,"orthographic":false}